{"cameraMode":{"drawMode":0,"name":"Shaded","section":"Shading Mode"},"sceneLighting":true,"audioPlay":false,"sceneViewState":{"showFog":true,"showMaterialUpdate":false,"showSkybox":true,"showFlares":true,"showImageEffects":true,"showParticleSystems":true,"showVisualEffectGraphs":true,"m_FxEnabled":true},"in2DMode":false,"pivot":{"x":1.8640975952148438,"y":2.8549113273620607,"z":0.145387664437294},"rotation":{"x":-0.057277608662843707,"y":0.00958049576729536,"z":-0.0005553223309107125,"w":-0.9983434677124023},"size":3.60904860496521,"orthographic":true}