{"cameraMode":{"drawMode":0,"name":"Shaded","section":"Shading Mode"},"sceneLighting":false,"audioPlay":false,"sceneViewState":{"showFog":true,"showMaterialUpdate":false,"showSkybox":false,"showFlares":true,"showImageEffects":true,"showParticleSystems":true,"showVisualEffectGraphs":true,"m_FxEnabled":true},"in2DMode":false,"pivot":{"x":6.119999885559082,"y":0.2572122812271118,"z":-3.4800000190734865},"rotation":{"x":-0.3100929260253906,"y":-0.010840898379683495,"z":0.003536494681611657,"w":-0.9506450891494751},"size":0.6807265281677246,"orthographic":false}